stamp,sample_index,input_0,input_1,input_2,input_3,input_4,input_5,input_6,input_7,input_8,input_9,input_10,input_11,input_12,input_13,input_14,target_x_m,target_y_m,target_x_norm,target_y_norm,odom_x_m,odom_y_m,target_norm_m,odom_error_m,training_target_x_m,training_target_y_m,training_target_x_norm,training_target_y_norm,prediction_x_m,prediction_y_m,prediction_error_m,target_mode
0.200000000,1,0.004784592,-0.001107486,0.004911095,0.000003394,-0.000011736,0.000012217,0.000006789,-0.000023471,0.000024433,-0.026929400,-0.001586629,0.000282876,-0.000002669,-0.000023989,0.000000004,0.000000000,0.000000000,0.000000000,0.000000000,-0.000026688,0.000000042,0.000000000,0.000026688,0.000000000,0.000000000,0.000000000,0.000000000,0.582268060,0.738566113,0.940487106,absolute
0.404000000,2,-0.011562674,0.004932330,0.012570733,-0.000019329,0.000043116,0.000047251,-0.000038659,0.000086232,0.000094501,-0.005849229,-0.000924376,0.000383523,-0.000001889,-0.000007048,0.000000007,0.037863291,-0.047704803,0.003786329,-0.004770480,-0.000018890,0.000000072,0.060904656,0.060916457,0.037863291,-0.047704803,0.003786329,-0.004770480,0.543123216,0.685227989,0.890212373,absolute
0.615000000,3,-0.003167266,-0.001159208,0.003372735,-0.000021515,0.000072495,0.000075620,-0.000043031,0.000144990,0.000151241,-0.005064447,-0.000899722,-0.000387620,-0.000000499,0.000006168,0.000000006,-0.062637569,-0.020681017,-0.006263757,-0.002068102,-0.000004990,0.000000059,0.065963396,0.065958676,-0.062637569,-0.020681017,-0.006263757,-0.002068102,0.521742553,0.661519109,0.898274535,absolute
0.902000000,4,-0.001835540,-0.008185167,0.008388454,0.000019195,0.000058068,0.000061159,0.000038390,0.000116137,0.000122318,-0.010482415,-0.001069932,0.000363229,-0.000000580,-0.000011966,0.000000015,0.039328035,0.046827098,0.003932803,0.004682710,-0.000005802,0.000000147,0.061151218,0.061154837,0.039328035,0.046827098,0.003932803,0.004682710,0.498158209,0.623536534,0.736966011,absolute
1.200000000,5,0.004868219,0.250283484,0.250330824,0.008891485,-0.000378531,0.008899539,0.017782970,-0.000757062,0.017799078,-0.002178053,-0.000809043,0.298039566,0.008944631,-0.002039384,0.000036589,0.051860595,-0.016664530,0.005186060,-0.001666453,0.089446308,0.000365890,0.054472267,0.041264040,0.051860595,-0.016664530,0.005186060,-0.001666453,0.764703613,-0.494424008,0.858137103,absolute
1.401000000,6,-0.001667681,0.053634491,0.053660412,0.008897414,-0.000461380,0.008909368,0.017794828,-0.000922761,0.017818737,-0.002721599,-0.000826119,0.297802554,0.026838410,-0.002546320,0.000081301,0.268033691,-0.007851830,0.026803369,-0.000785183,0.268384101,0.000813010,0.268148673,0.008671923,0.268033691,-0.007851830,0.026803369,-0.000785183,0.793938459,-0.522593242,0.735890309,absolute
1.605000000,7,0.002369402,-0.235255859,0.235267791,0.008911511,-0.000549007,0.008928406,0.017823022,-0.001098014,0.017856812,-0.004533004,-0.000883026,0.299246170,0.044735631,-0.004261808,0.000091481,0.396313849,-0.126094521,0.039631385,-0.012609452,0.447356314,0.000914807,0.415890004,0.136882075,0.396313849,-0.126094521,0.039631385,-0.012609452,0.819450216,-0.567944589,0.611780898,absolute
1.904000000,8,-0.015664497,0.257971147,0.258446299,0.008895194,0.000061538,0.008895407,0.017790388,0.000123075,0.017790814,0.017194775,-0.000200428,0.297273706,0.071568054,0.016074060,0.000055900,0.604768547,0.058209100,0.060476855,0.005820910,0.715680539,0.000558996,0.607563408,0.125000018,0.604768547,0.058209100,0.060476855,0.005820910,1.002089566,-0.638732229,0.802241365,absolute
2.106000000,9,0.004524826,-0.524824219,0.524843725,0.008845619,-0.001542318,0.008979071,0.017691238,-0.003084636,0.017958142,-0.040379589,-0.002009179,0.295524819,0.089460977,-0.037691562,-0.000002230,0.894611939,0.100914705,0.089461194,0.010091470,0.894609766,-0.000022300,0.900285676,0.100937004,0.894611939,0.100914705,0.089461194,0.010091470,0.874112644,-0.641117634,0.742315440,absolute
2.413000000,10,0.000391076,-0.260086240,0.260086534,0.008785587,-0.000879400,0.008829489,0.017571174,-0.001758799,0.017658979,-0.013957193,-0.001179095,0.298951959,0.116304675,-0.013116798,-0.000038825,1.043709178,-0.081889055,0.104370918,-0.008188906,1.163046751,-0.000388246,1.046916743,0.144512415,1.043709178,-0.081889055,0.104370918,-0.008188906,1.057478364,-0.660988480,0.579263096,absolute
2.702000000,11,-0.002078953,-0.016193220,0.016326127,0.008802661,-0.000995290,0.008858750,0.017605323,-0.001990581,0.017717500,-0.016828049,-0.001269286,0.297256552,0.143140605,-0.015729682,-0.000066096,1.372679175,0.100344460,0.137267918,0.010034446,1.431406053,-0.000660963,1.376341937,0.116837244,1.372679175,0.100344460,0.137267918,0.010034446,1.186808877,-0.667272757,0.789799949,absolute
3.000000000,12,-0.000967694,-0.312410434,0.312411933,0.008808453,-0.000949295,0.008859459,0.017616906,-0.001898590,0.017718917,-0.015791365,-0.001236718,0.297865522,0.169977645,-0.014789255,-0.000112632,1.693000601,-0.024655113,0.169300060,-0.002465511,1.699776447,-0.001126322,1.693180117,0.024485018,1.693000601,-0.024655113,0.169300060,-0.002465511,1.267438939,-0.707092154,0.804253096,absolute
3.201000000,13,0.003574851,-0.015057171,0.015475721,0.008791480,-0.001068209,0.008856139,0.017582961,-0.002136417,0.017712278,-0.020472069,-0.001383766,0.298111615,0.187872318,-0.019199499,-0.000162090,1.909344877,0.033238561,0.190934488,0.003323856,1.878723179,-0.001620899,1.909634170,0.046399034,1.909344877,0.033238561,0.190934488,0.003323856,1.369170811,-0.684505956,0.898301293,absolute
3.500000000,14,0.000598280,0.293821249,0.293821858,0.008796430,0.000062419,0.008796651,0.017592860,0.000124838,0.017593302,0.019762425,-0.000119762,0.298238550,0.214713992,0.018540114,-0.000253467,2.109528244,0.003956443,0.210952824,0.000395644,2.147139920,-0.002534671,2.109531954,0.038167693,2.109528244,0.003956443,0.210952824,0.000395644,1.602483061,-0.719030725,0.883065832,absolute
3.700000000,15,-0.012932865,0.091032545,0.091946633,0.008778017,-0.000777216,0.008812358,0.017556034,-0.001554432,0.017624715,-0.011011408,-0.001086551,0.298331680,0.232603574,-0.010324413,-0.000327458,2.254703660,0.121003169,0.225470366,0.012100317,2.326035741,-0.003274583,2.257948263,0.143294191,2.254703660,0.121003169,0.225470366,0.012100317,1.575281940,-0.708793063,1.072462427,absolute
3.901000000,16,0.003069197,0.191618621,0.191643199,0.008774261,-0.000186016,0.008776233,0.017548522,-0.000372032,0.017552465,0.011472962,-0.000380184,0.297882541,0.250496979,0.010741343,-0.000395264,2.329274153,-0.040783439,0.232927415,-0.004078344,2.504969786,-0.003952637,2.329631166,0.179514521,2.329274153,-0.040783439,0.232927415,-0.004078344,1.733081370,-0.691037250,0.882199441,absolute
4.200000000,17,-0.004956847,-0.104216042,0.104333857,0.008847885,0.001437629,0.008963919,0.017695770,0.002875258,0.017927838,0.069194605,0.001433195,0.292334050,0.277022123,0.064568212,0.002373367,2.635306401,0.047058401,0.263530640,0.004705840,2.770221229,0.023733675,2.635726526,0.136916229,2.635306401,0.047058401,0.263530640,0.004705840,1.947170920,-0.655819331,0.983650114,absolute
4.404000000,18,0.004037050,0.784918353,0.784928734,0.008852998,0.005424693,0.010382816,0.017705996,0.010849386,0.020765632,0.212622842,0.005939126,0.234387252,0.292491040,0.184922725,0.011173617,2.793213111,0.043414456,0.279321311,0.004341446,2.924910397,0.111736167,2.793550482,0.148364522,2.793213111,0.043414456,0.279321311,0.004341446,2.409019933,-0.551749868,0.708396054,absolute
4.713000000,19,-0.004220969,0.479688890,0.479707461,0.008857261,0.010952292,0.014085588,0.017714523,0.021904585,0.028171176,0.411137261,0.012175641,0.082477968,0.308074497,0.287724066,0.034721470,3.063019099,0.383867598,0.306301910,0.038386760,3.080744965,0.347214703,3.086979160,0.040714138,3.063019099,0.383867598,0.306301910,0.038386760,2.760550715,-0.198481059,0.656214204,absolute
5.000000000,20,0.007032373,-0.058595384,0.059015873,0.008868994,0.013016187,0.015750561,0.017737987,0.026032375,0.031501123,0.485419804,0.014509296,0.013658857,0.310105980,0.297986948,0.059555315,3.091279102,0.613918714,0.309127910,0.061391871,3.101059801,0.595553151,3.151650785,0.020807595,3.091279102,0.613918714,0.309127910,0.061391871,2.833718643,0.101964958,0.573091650,absolute
5.201000000,21,-0.008024401,0.456580943,0.456651452,0.008861587,0.013419082,0.016081029,0.017723175,0.026838165,0.032162059,0.500304154,0.014976901,-0.000284849,0.309498941,0.298106481,0.077435542,3.097574018,0.738888971,0.309757402,0.073888897,3.094989411,0.774355422,3.184481387,0.035560503,3.097574018,0.738888971,0.309757402,0.073888897,2.892281061,0.206105874,0.570966747,absolute
5.401000000,22,-0.006958808,-0.057304253,0.057725232,0.008823199,0.013338967,0.015993026,0.017646398,0.026677934,0.031986052,0.499149390,0.014940623,0.000796009,0.308638973,0.297876524,0.095305299,3.031778154,0.859593513,0.303177815,0.085959351,3.086389728,0.953052990,3.151282244,0.108245545,3.031778154,0.859593513,0.303177815,0.085959351,2.880701825,0.376976039,0.505711067,absolute
5.613000000,23,-0.001877527,-0.148274882,0.148286769,0.008839345,0.012959764,0.015687240,0.017678689,0.025919527,0.031374479,0.485791888,0.014520985,0.013297899,0.307764373,0.297720143,0.113176923,3.010117540,1.073997719,0.301011754,0.107399772,3.077643726,1.131769226,3.195978521,0.088866938,3.010117540,1.073997719,0.301011754,0.107399772,2.899504545,0.490851883,0.593543849,absolute
5.818000000,24,-0.002429506,0.318880783,0.318890038,0.008838233,0.013415555,0.016065226,0.017676466,0.026831110,0.032130452,0.502506949,0.015046104,-0.002349137,0.306881411,0.298266184,0.131047063,3.087077773,1.149311257,0.308707777,0.114931126,3.068814107,1.310470629,3.294080379,0.162190951,3.087077773,1.149311257,0.308707777,0.114931126,2.970276769,0.635595828,0.526826363,absolute
6.100000000,25,0.003331438,0.199060265,0.199088140,0.008887896,0.013110395,0.015839102,0.017775793,0.026220789,0.031678204,0.493331320,0.014757843,0.006240445,0.305477917,0.297825769,0.159639772,3.108833763,1.454448903,0.310883376,0.145444890,3.054779166,1.596397716,3.432239645,0.151892610,3.108833763,1.454448903,0.310883376,0.145444890,3.000119868,0.846826111,0.617271551,absolute
6.308000000,26,0.003752275,0.175617525,0.175657606,0.008907168,0.013007404,0.015764841,0.017814335,0.026014808,0.031529681,0.507400438,0.015199838,-0.006927480,0.304687643,0.297913188,0.175727764,3.044758453,1.676957926,0.304475845,0.167695793,3.046876427,1.757277641,3.476023867,0.080347635,3.044758453,1.676957926,0.304475845,0.167695793,3.026433025,1.001448506,0.675757943,absolute
6.531000000,27,0.005858818,0.054302801,0.054617946,0.008926454,0.012784300,0.015592303,0.017852907,0.025568600,0.031184605,0.500385751,0.014979465,-0.000361342,0.303656154,0.298168309,0.195383196,3.054203286,1.826026839,0.305420329,0.182602684,3.036561545,1.953831962,3.558445128,0.129016978,3.054203286,1.826026839,0.305420329,0.182602684,3.038695708,1.157496793,0.668709883,absolute
6.842000000,28,0.000368169,0.017587438,0.017591291,0.008985289,0.015287414,0.017732469,0.017970578,0.030574828,0.035464937,0.511664187,0.015333787,-0.010916641,0.302097813,0.297776366,0.223966031,3.021195811,2.170443011,0.302119581,0.217044301,3.020978132,2.239660314,3.720006316,0.069217645,3.021195811,2.170443011,0.302119581,0.217044301,3.046555210,1.374217980,0.796628771,absolute
7.101000000,29,-0.000669060,0.247530346,0.247531250,0.008983783,0.016502344,0.018789245,0.017967567,0.033004688,0.037578490,0.554717156,0.016686336,-0.051015397,0.299877091,0.293846446,0.247078141,2.889279283,2.444803821,0.288927928,0.244480382,2.998770908,2.470781413,3.784838240,0.112531112,2.889279283,2.444803821,0.288927928,0.244480382,3.079570875,1.594291280,0.871540288,absolute
7.401000000,30,-0.000954572,0.252306620,0.252308426,0.008964083,0.020952645,0.022789649,0.017928166,0.041905290,0.045579298,0.713132960,0.021663115,-0.185345875,0.286619011,0.234150936,0.270038483,2.945313650,2.537956655,0.294531365,0.253795666,2.866190110,2.700384829,3.887942448,0.180674974,2.945313650,2.537956655,0.294531365,0.253795666,2.956978362,1.999848958,0.538234112,absolute
7.700000000,31,0.000192205,0.545835043,0.545835077,0.008954053,0.026447122,0.027921771,0.017908105,0.052894243,0.055843542,0.909904172,0.027844865,-0.285805426,0.263426772,0.083127465,0.282882281,2.806783317,2.676227029,0.280678332,0.267622703,2.634267718,2.828822809,3.878172727,0.230319569,2.806783317,2.676227029,0.280678332,0.267622703,2.622659526,2.271229463,0.444887175,absolute
7.904000000,32,0.005248654,0.142357055,0.142453780,0.008991772,0.026706119,0.028179225,0.017983544,0.053412237,0.056358451,0.919072044,0.028132883,-0.288783672,0.245835221,0.075045099,0.286159964,2.581436169,2.839804568,0.258143617,0.283980457,2.458352213,2.861599645,3.837747084,0.124998743,2.581436169,2.839804568,0.258143617,0.283980457,2.490813513,2.390630874,0.458224261,absolute
8.201000000,33,0.008304712,-0.098674516,0.099023373,0.008970749,0.027662727,0.029080936,0.017941498,0.055325455,0.058161871,0.953984275,0.029229683,-0.295241935,0.219254683,0.042980788,0.289674939,2.431354550,2.852252187,0.243135455,0.285225219,2.192546834,2.896749387,3.747909749,0.242917941,2.431354550,2.852252187,0.243135455,0.285225219,2.274898965,2.499023853,0.386327071,absolute
8.409000000,34,0.004564183,-0.750885058,0.750898929,0.008974466,0.026859809,0.028319435,0.017948933,0.053719618,0.056638870,0.924038280,0.028288901,-0.289924635,0.201397229,0.070531869,0.290776905,2.183432612,2.935220581,0.218343261,0.293522058,2.013972286,2.907769054,3.658264319,0.171669417,2.183432612,2.935220581,0.218343261,0.293522058,2.173345604,2.514835288,0.420506293,absolute
8.702000000,35,0.007482420,0.435049486,0.435113827,0.008924505,0.028766585,0.030119150,0.017849009,0.057533170,0.060238300,0.992982052,0.030454834,-0.298742713,0.174572073,0.006587607,0.291408371,1.903167221,2.954057116,0.190316722,0.295405712,1.745720733,2.914083705,3.514043101,0.162441590,1.903167221,2.954057116,0.190316722,0.295405712,2.029006982,2.578836652,0.395760081,absolute
8.906000000,36,-0.001661740,-0.103902146,0.103915433,0.008910978,0.029312613,0.030637147,0.017821956,0.058625225,0.061274295,-0.986160111,0.031110102,-0.298554558,0.156768557,-0.012989128,0.289640351,1.916815625,2.796264682,0.191681563,0.279626468,1.567685567,2.896403511,3.390173788,0.363207354,1.916815625,2.796264682,0.191681563,0.279626468,1.647317825,2.771953342,0.270592139,absolute
9.200000000,37,-0.005488713,-0.369585828,0.369626582,0.008869429,0.029102005,0.030423568,0.017738858,0.058204010,0.060847135,-0.995960271,0.030802221,-0.298077931,0.131848237,-0.003783165,0.287138747,1.426876278,2.879966272,0.142687628,0.287996627,1.318482373,2.871387466,3.214059994,0.108732859,1.426876278,2.879966272,0.142687628,0.287996627,1.501416778,2.787470630,0.118792803,absolute
9.400000000,38,0.007951318,0.131464531,0.131704770,0.008955808,0.029557302,0.030884310,0.017911615,0.059114604,0.061768620,-0.979079332,0.031332551,-0.297703888,0.112257387,-0.019594577,0.285205407,1.349184568,2.829650689,0.134918457,0.282965069,1.122573875,2.852054065,3.134840031,0.227715431,1.349184568,2.829650689,0.134918457,0.282965069,1.436148580,2.826420140,0.087023995,absolute
9.703000000,39,0.003588336,-0.340140821,0.340159748,0.008952126,0.028472267,0.029846449,0.017904251,0.056944534,0.059692899,0.979781279,0.030040119,-0.298144636,0.085545951,0.018963355,0.282587786,1.033480651,2.755277980,0.103348065,0.275527798,0.855459509,2.825877865,2.942726458,0.191509454,1.033480651,2.755277980,0.103348065,0.275527798,1.480825047,2.725220422,0.448353058,absolute
10.001000000,40,0.003428331,0.180043404,0.180076042,0.008920067,0.029065275,0.030403253,0.017840135,0.058130549,0.060806506,-0.997786650,0.030744844,-0.297727897,0.058830108,-0.002070268,0.280031323,0.799471115,2.901016186,0.079947112,0.290101619,0.588301081,2.800313232,3.009160842,0.233952705,0.799471115,2.901016186,0.079947112,0.290101619,1.187880439,2.870610993,0.389597585,absolute
10.300000000,41,-0.004231742,-0.241764987,0.241802019,0.008876417,0.030452290,0.031719595,0.017752834,0.060904579,0.063439190,-0.947219562,0.032333456,-0.293672499,0.032352739,-0.049146445,0.276096758,0.518888628,2.915221492,0.051888863,0.291522149,0.323527386,2.760967579,2.961040654,0.248918229,0.518888628,2.915221492,0.051888863,0.291522149,0.879911996,2.859063380,0.365365031,absolute
10.503000000,42,-0.003809179,0.472222465,0.472237828,0.008927126,0.034871705,0.035996241,0.017854252,0.069743410,0.071992483,-0.788379070,0.037323577,-0.234764396,0.016832047,-0.184024335,0.267390320,0.298514858,2.817767917,0.029851486,0.281776792,0.168320472,2.673903201,2.833536157,0.194029983,0.298514858,2.817767917,0.029851486,0.281776792,0.557115982,2.686075926,0.290202209,absolute
10.806000000,43,0.002113588,0.010220395,0.010436653,0.008956181,0.037403685,0.038461004,0.017912362,0.074807369,0.076922007,-0.698483505,0.040147729,-0.174249966,0.001716763,-0.242253230,0.245608239,0.051078530,2.716318692,0.005107853,0.271631869,0.017167635,2.456082388,2.716798898,0.262436436,0.051078530,2.716318692,0.005107853,0.271631869,0.261653077,2.507364648,0.296653724,absolute
11.008000000,44,0.011961942,0.088586121,0.089390094,0.008967427,0.042046602,0.042992226,0.017934855,0.084093204,0.085984452,-0.532456375,0.045363625,-0.030396496,-0.000922615,-0.297074162,0.226239354,0.113029848,2.383929246,0.011302985,0.238392925,-0.009226152,2.262393545,2.386607298,0.172387517,0.113029848,2.383929246,0.011302985,0.238392925,0.093223037,2.152900017,0.231876722,absolute
11.307000000,45,-0.011089351,0.143495551,0.143923406,0.008877385,0.042841841,0.043751929,0.017754770,0.085683682,0.087503858,-0.502819725,0.046294688,-0.002641078,0.001863070,-0.298135155,0.201342996,0.113620029,2.174882402,0.011362003,0.217488240,0.018630702,2.013429962,2.177848244,0.187322884,0.113620029,2.174882402,0.011362003,0.217488240,0.046586443,1.909602911,0.273617818,absolute
11.600000000,46,-0.001210996,0.231869907,0.231873069,0.008890365,0.042809136,0.043722542,0.017780730,0.085618272,0.087445085,-0.503637149,0.046269008,-0.003409234,0.002123279,-0.298350650,0.174506695,-0.010798264,1.871643907,-0.001079826,0.187164391,0.021232788,1.745066952,1.871675057,0.130566895,-0.010798264,1.871643907,-0.001079826,0.187164391,0.035700628,1.734404706,0.144902537,absolute
11.800000000,47,0.003226237,-0.167478188,0.167509260,0.008900253,0.041832016,0.042768353,0.017800505,0.083664031,0.085536706,-0.538038772,0.045188249,-0.035524480,0.002519239,-0.295853760,0.158411829,0.065922229,1.759933728,0.006592223,0.175993373,0.025192392,1.584118287,1.761167927,0.180471574,0.065922229,1.759933728,0.006592223,0.175993373,-0.007698349,1.691133758,0.100764207,absolute
12.102000000,48,-0.005428395,0.335917495,0.335961353,0.008876675,0.042654343,0.043568203,0.017753349,0.085308686,0.087136406,-0.509580258,0.046082300,-0.008982264,0.003805875,-0.298351075,0.129811831,-0.021140738,1.377087927,-0.002114074,0.137708793,0.038058753,1.298118310,1.377250191,0.098695391,-0.021140738,1.377087927,-0.002114074,0.137708793,0.006374730,1.426323530,0.056402531,absolute
12.400000000,49,0.007917267,-0.651941716,0.651989788,0.008850722,0.042299720,0.043215756,0.017701443,0.084599440,0.086431513,-0.521115532,0.045719908,-0.019718006,0.004988498,-0.296806496,0.102999996,0.054826093,1.136305607,0.005482609,0.113630561,0.049884978,1.029999956,1.137627502,0.106420421,0.054826093,1.136305607,0.005482609,0.113630561,-0.084853560,1.264141279,0.189347207,absolute
12.602000000,50,0.004705778,0.036177867,0.036482631,0.008899928,0.042270539,0.043197306,0.017799856,0.084541079,0.086394611,-0.522307247,0.045682470,-0.020911835,0.005719514,-0.297909592,0.085120233,0.029390107,1.062423365,0.002939011,0.106242336,0.057195141,0.851202326,1.062829800,0.213043299,0.029390107,1.062423365,0.002939011,0.106242336,-0.048078033,1.161907108,0.126088571,absolute
12.804000000,51,-0.005408524,0.017945478,0.018742794,0.008894028,0.042962490,0.043873447,0.017788057,0.085924981,0.087746893,-0.497760722,0.046453621,0.002092273,0.006432380,-0.297408492,0.067245387,-0.143318214,0.967275903,-0.014331821,0.096727590,0.064323797,0.672453874,0.977835765,0.360603984,-0.143318214,0.967275903,-0.014331821,0.096727590,-0.067166106,0.989445356,0.079313481,absolute
13.108000000,52,-0.001802136,0.102408529,0.102424384,0.008910598,0.042628126,0.043549465,0.017821196,0.085256253,0.087098930,-0.509195923,0.046094374,-0.008604802,0.007483058,-0.297765794,0.040423567,0.098637759,0.515816053,0.009863776,0.051581605,0.074830583,0.404235672,0.525162459,0.114091906,0.098637759,0.515816053,0.009863776,0.051581605,-0.063391212,0.828947140,0.352568383,absolute
13.405000000,53,-0.005422097,-0.150485308,0.150582957,0.008869830,0.045694104,0.046547019,0.017739659,0.091388208,0.093094039,-0.398875391,0.049560196,0.093210794,0.013432931,-0.283461726,0.014544744,-0.007656569,0.432075533,-0.000765657,0.043207553,0.134329306,0.145447443,0.432143367,0.319868177,-0.007656569,0.432075533,-0.000765657,0.043207553,-0.051964085,0.485810808,0.069646505,absolute
13.705000000,54,-0.005286242,0.228789081,0.228850143,0.008830370,0.050981824,0.051740911,0.017660740,0.101963649,0.103481821,-0.211019822,0.055461853,0.235166092,0.031689866,-0.183623299,-0.004684857,0.115140067,0.163750972,0.011514007,0.016375097,0.316898657,-0.046848569,0.200178959,0.291648240,0.115140067,0.163750972,0.011514007,0.016375097,0.241797927,0.128556598,0.131456675,absolute
14.001000000,55,-0.001811944,0.475556720,0.475560172,0.008820224,0.055700980,0.056394995,0.017640447,0.111401959,0.112789990,-0.042632679,0.060751891,0.294922480,0.057230928,-0.039738197,-0.011937557,0.375472628,0.126372034,0.037547263,0.012637203,0.572309282,-0.119375566,0.396168632,0.314859574,0.375472628,0.126372034,0.037547263,0.012637203,0.677251475,-0.021630856,0.336118027,absolute
14.204000000,56,0.001634470,-0.110380773,0.110392874,0.008813339,0.055897563,0.056588095,0.017626678,0.111795126,0.113176190,-0.036041890,0.060958946,0.296287756,0.075065242,-0.033692459,-0.013320021,0.553704899,-0.114898055,0.055370490,-0.011489805,0.750652420,-0.133200207,0.565500379,0.197796094,0.553704899,-0.114898055,0.055370490,-0.011489805,0.709524355,-0.021464300,0.181685358,absolute
14.501000000,57,-0.001802761,0.136715114,0.136726999,0.008836511,0.056801457,0.057484689,0.017673021,0.113602914,0.114969377,-0.004148233,0.061960915,0.297334931,0.101831923,-0.003875106,-0.011610645,0.805043338,-0.157344743,0.080504334,-0.015734474,1.018319227,-0.116106451,0.820275651,0.217226153,0.805043338,-0.157344743,0.080504334,-0.015734474,0.938333744,-0.035850132,0.180353190,absolute
14.800000000,58,-0.016782645,0.089310192,0.090873360,0.008801138,0.056527561,0.057208611,0.017602276,0.113055122,0.114417222,-0.010630293,0.061757275,0.297882105,0.126789967,-0.009951786,-0.009418120,1.105615725,0.084703418,0.110561573,0.008470342,1.267899666,-0.094181204,1.108855627,0.241528022,1.105615725,0.084703418,0.110561573,0.008470342,1.033610514,-0.052048091,0.154550075,absolute
15.004000000,59,0.003807646,-0.231579066,0.231610367,0.008776576,0.055930348,0.056614770,0.017553151,0.111860697,0.113229539,-0.032796312,0.061060909,0.296006818,0.146392725,-0.030606749,-0.007704839,1.334868251,-0.019824002,0.133486825,-0.001982400,1.463927254,-0.077048392,1.335015445,0.141176687,1.334868251,-0.019824002,0.133486825,-0.001982400,1.080723662,-0.030901907,0.254385912,absolute
15.301000000,60,-0.008065407,-0.270032710,0.270153133,0.008742764,0.056101802,0.056778940,0.017485528,0.112203603,0.113557881,-0.027800293,0.061217864,0.296194751,0.173132448,-0.025934795,-0.005369719,1.536645740,0.014782223,0.153664574,0.001478222,1.731324484,-0.053697189,1.536716839,0.206371615,1.536645740,0.014782223,0.153664574,0.001478222,1.214958835,-0.042245865,0.326702721,absolute
15.601000000,61,-0.002751835,-0.289620967,0.289634040,0.008755517,0.056829703,0.057500211,0.017511034,0.113659406,0.115000421,-0.001424562,0.062046482,0.297908611,0.199874100,-0.001333267,-0.003059077,1.753348757,-0.137305493,0.175334876,-0.013730549,1.998741000,-0.030590767,1.758716766,0.267591827,1.753348757,-0.137305493,0.175334876,-0.013730549,1.419462033,-0.028369369,0.351208519,absolute
15.902000000,62,0.008275589,-0.308569385,0.308680338,0.008805269,0.056469557,0.057151935,0.017610539,0.112939114,0.114303869,-0.014934686,0.061622049,0.298021882,0.226615738,-0.013993068,-0.000751798,1.966145904,-0.084588279,0.196614590,-0.008458828,2.266157376,-0.007517979,1.967964658,0.309752666,1.966145904,-0.084588279,0.196614590,-0.008458828,1.550824301,-0.010983240,0.421793475,absolute
16.201000000,63,-0.002938948,0.335091863,0.335104750,0.008738810,0.056753385,0.057422239,0.017477621,0.113506770,0.114844478,-0.003353245,0.061985890,0.297536668,0.253351934,-0.003134525,0.001548647,2.355779338,-0.143262243,0.235577934,-0.014326224,2.533519338,0.015486474,2.360131429,0.238312112,2.355779338,-0.143262243,0.235577934,-0.014326224,1.777113231,-0.012494036,0.593257775,absolute
16.514000000,64,-0.006263024,-1.000000000,1.000000000,0.008726549,0.056435228,0.057105933,0.017453097,0.112870456,0.114211867,-0.016346001,0.061577711,0.297885205,0.283658906,-0.015310604,0.004189028,2.682153817,-0.004443913,0.268215382,-0.000444391,2.836589062,0.041890279,2.682157498,0.161236169,2.682153817,-0.004443913,0.268215382,-0.000444391,1.767565491,-0.009785417,0.914603923,absolute
16.802000000,65,-0.001171177,-0.341610222,0.341612229,0.008755383,0.060355730,0.060987465,0.017510767,0.120711461,0.121974931,0.123679757,0.065976750,0.275726101,0.303618320,0.112871947,0.011630955,2.866755525,0.043202538,0.286675553,0.004320254,3.036183195,0.116309555,2.867081042,0.184527427,2.866755525,0.043202538,0.286675553,0.004320254,2.261280923,0.113072340,0.609492644,absolute
17.004000000,66,-0.001210440,0.176020249,0.176024410,0.008711059,0.064633780,0.065218158,0.017422119,0.129267560,0.130436315,0.276735599,0.070785141,0.192464531,0.318604350,0.227851085,0.026776467,3.073017293,0.121848743,0.307301729,0.012184874,3.186043502,0.267764669,3.075432067,0.184570803,3.073017293,0.121848743,0.307301729,0.012184874,2.694722974,0.319625849,0.426875128,absolute
17.302000000,67,0.001337779,0.025232249,0.025267688,0.008710551,0.068835618,0.069384552,0.017421101,0.137671236,0.138769103,0.427186796,0.075511705,0.067680208,0.326149213,0.290691807,0.050382957,3.244270880,0.348354659,0.324427088,0.034835466,3.261492130,0.503829568,3.262919630,0.156425761,3.244270880,0.348354659,0.324427088,0.034835466,2.930355591,0.603620665,0.404602945,absolute
17.600000000,68,0.002864353,0.036428693,0.036541131,0.008711496,0.071900138,0.072425962,0.017422991,0.143800276,0.144851925,0.539385866,0.079036543,-0.036794428,0.322741691,0.295847196,0.076932984,3.073834463,0.487776303,0.307383446,0.048777630,3.227416907,0.769329843,3.112295620,0.320717888,3.073834463,0.487776303,0.307383446,0.048777630,2.999546105,0.877658971,0.396897034,absolute
17.804000000,69,0.001021095,-0.331699683,0.331701255,0.008652849,0.070931884,0.071457707,0.017305698,0.141863768,0.142915415,0.503670499,0.077914511,-0.003443198,0.319561928,0.298584824,0.094541483,3.131815229,0.715441783,0.313181523,0.071544178,3.195619281,0.945414827,3.212494914,0.238659922,3.131815229,0.715441783,0.313181523,0.071544178,2.971701139,0.930073584,0.267774779,absolute
18.011000000,70,-0.005348428,0.353501404,0.353541862,0.008607753,0.071307791,0.071825445,0.017215505,0.142615582,0.143650889,0.513388412,0.078219808,-0.012529943,0.315791370,0.297724069,0.115676610,3.239567416,0.990516307,0.323956742,0.099051631,3.157913704,1.156766096,3.387612670,0.185219656,3.239567416,0.990516307,0.323956742,0.099051631,3.038394085,1.065366393,0.214646791,absolute
18.319000000,71,-0.000483283,0.118107218,0.118108207,0.008591646,0.072035327,0.072545880,0.017183292,0.144070653,0.145091759,0.536920110,0.078959079,-0.034411407,0.311717953,0.295349259,0.138576563,3.133011316,1.138736010,0.313301132,0.113873601,3.117179534,1.385765628,3.333538601,0.247536416,3.133011316,1.138736010,0.313301132,0.113873601,3.028052842,1.248507265,0.151874980,absolute
18.603000000,72,-0.005731532,-0.454117799,0.454153967,0.008524902,0.071132827,0.071641839,0.017049804,0.142265654,0.143283677,0.504632665,0.077944739,-0.004349539,0.306949460,0.298835184,0.164993765,3.133883993,1.435899270,0.313388399,0.143589927,3.069494597,1.649937655,3.447177917,0.223513813,3.133883993,1.435899270,0.313388399,0.143589927,2.976523353,1.361345606,0.174128171,absolute
18.900000000,73,-0.001266293,-0.149770168,0.149775521,0.008584070,0.070891928,0.071409745,0.017168141,0.141783856,0.142819490,0.494834949,0.077636934,0.004828445,0.302115378,0.297539552,0.191388883,3.079130848,1.727993473,0.307913085,0.172799347,3.021153782,1.913888831,3.530865081,0.194726537,3.079130848,1.727993473,0.307913085,0.172799347,3.008358333,1.540362497,0.200534616,absolute
19.100000000,74,-0.004028272,-0.466708618,0.466726002,0.008575946,0.070440484,0.070960613,0.017151892,0.140880968,0.141921227,0.479832749,0.077165626,0.018870380,0.299201132,0.297442081,0.207227781,3.111046973,1.953895191,0.311104697,0.195389519,2.992011319,2.072277810,3.673733753,0.167880707,3.111046973,1.953895191,0.311104697,0.195389519,2.978989852,1.617421765,0.361460163,absolute
19.302000000,75,0.001579251,-0.008533111,0.008678019,0.008546525,0.070996554,0.071509117,0.017093050,0.141993109,0.143018234,0.499248334,0.077775585,0.000702173,0.295606638,0.297350419,0.226575604,3.036696314,2.060255066,0.303669631,0.206025507,2.956066381,2.265756037,3.669628788,0.220752883,3.036696314,2.060255066,0.303669631,0.206025507,3.020531483,1.795015942,0.265731245,absolute
19.600000000,76,0.001359319,-0.100604159,0.100613341,0.008476497,0.071022509,0.071526553,0.016952995,0.142045018,0.143053106,0.499119864,0.077771549,0.000824084,0.290732857,0.298037648,0.252972540,3.028749000,2.238024152,0.302874900,0.223802415,2.907328568,2.529725403,3.765909267,0.315962879,3.028749000,2.238024152,0.302874900,0.223802415,3.002347959,1.971042116,0.268284220,absolute
19.902000000,77,0.004503067,-0.698059121,0.698073645,0.008463595,0.073971063,0.074453681,0.016927191,0.147942127,0.148907363,0.606935731,0.081158684,-0.098291641,0.282441885,0.281488792,0.278271457,3.179820687,2.417149396,0.317982069,0.241714940,2.824418850,2.782714571,3.994229688,0.509851315,3.179820687,2.417149396,0.317982069,0.241714940,2.904449281,2.284371340,0.305711340,absolute
20.201000000,78,-0.005787550,0.491537521,0.491571592,0.008441934,0.079614585,0.080060905,0.016883867,0.159229171,0.160121809,0.809227058,0.087513854,-0.246035669,0.262776187,0.168080485,0.296050627,2.966524175,2.735630766,0.296652417,0.273563077,2.627761873,2.960506266,4.035336587,0.406606551,2.966524175,2.735630766,0.296652417,0.273563077,2.698691657,2.608991148,0.296263144,absolute
20.402000000,79,-0.003090802,-0.557368812,0.557377382,0.008442806,0.081745082,0.082179921,0.016885611,0.163490164,0.164359841,0.883778980,0.089855971,-0.278574992,0.245689062,0.106487675,0.301047377,2.678173528,2.881664356,0.267817353,0.288166436,2.456890618,3.010473774,3.934031381,0.256042950,2.678173528,2.881664356,0.267817353,0.288166436,2.380590769,2.709273774,0.343909888,absolute
20.703000000,80,-0.000638702,0.055822085,0.055825739,0.008524370,0.084384613,0.084814078,0.017048740,0.168769226,0.169628155,0.979791904,0.092872306,-0.297684965,0.218884477,0.018924141,0.300526448,2.518776684,2.891195939,0.251877668,0.289119594,2.188844773,3.005264485,3.834481704,0.349094112,2.518776684,2.891195939,0.251877668,0.289119594,2.107086553,2.760686827,0.431881225,absolute
20.906000000,81,0.001128979,0.112165024,0.112170706,0.008511227,0.083920555,0.084351056,0.017022454,0.167841111,0.168702111,0.961987701,0.092312971,-0.295325572,0.201078075,0.035436143,0.298828158,2.371719750,2.874171266,0.237171975,0.287417127,2.010780753,2.988281578,3.726380957,0.378547385,2.371719750,2.874171266,0.237171975,0.287417127,2.051805493,2.771171352,0.336086468,absolute
21.201000000,82,0.002166074,0.156459170,0.156474163,0.008502421,0.084974962,0.085399270,0.017004842,0.169949924,0.170798540,0.999522665,0.093492166,-0.298131800,0.174528368,0.000447076,0.295036038,2.159092045,2.878447740,0.215909204,0.287844774,1.745283682,2.950360379,3.598213424,0.420010462,2.159092045,2.878447740,0.215909204,0.287844774,1.825429473,2.769591276,0.350970713,absolute
21.406000000,83,-0.004630693,-0.000000576,0.004630693,0.008487145,0.085344851,0.085765816,0.016974291,0.170689701,0.171531632,-0.986476421,0.093932018,-0.298441378,0.156977967,-0.012687088,0.291539274,1.783149782,2.953623058,0.178314978,0.295362306,1.569779668,2.915392738,3.450146709,0.216767993,1.783149782,2.953623058,0.178314978,0.295362306,1.487956340,2.859381618,0.309871936,absolute
21.700000000,84,0.004008168,-0.115589766,0.115659238,0.008528033,0.084842589,0.085270114,0.017056067,0.169685179,0.170540228,0.995719553,0.093372688,-0.298952230,0.130650744,0.004020379,0.286315008,1.668981870,2.855227150,0.166898187,0.285522715,1.306507445,2.863150083,3.307237905,0.362561004,1.668981870,2.855227150,0.166898187,0.285522715,1.547699320,2.765421287,0.150912392,absolute
21.911000000,85,0.000590823,0.333849660,0.333850183,0.008551753,0.085761763,0.086187079,0.017103507,0.171523526,0.172374157,-0.969204567,0.094474629,-0.296814211,0.113103786,-0.028805727,0.282823764,1.328132585,3.174985083,0.132813259,0.317498508,1.131037861,2.828237641,3.441579062,0.398848490,1.328132585,3.174985083,0.132813259,0.317498508,1.257883755,2.831903385,0.350199871,absolute
22.116000000,86,0.008978744,-0.006314250,0.010976684,0.008592218,0.084876921,0.085310714,0.017184435,0.169753843,0.170621429,0.995199180,0.093356340,-0.298204656,0.095559705,0.004497929,0.279337701,1.233844688,2.903294022,0.123384469,0.290329402,0.955597053,2.793377013,3.154598055,0.299171348,1.233844688,2.903294022,0.123384469,0.290329402,1.360090944,2.760453433,0.190634601,absolute
22.401000000,87,0.004833673,-0.001936317,0.005207083,0.008614540,0.084958230,0.085393859,0.017229081,0.169916459,0.170787717,0.999285398,0.093484712,-0.297588913,0.069215157,0.000668085,0.274192834,0.984002919,2.900989428,0.098400292,0.290098943,0.692151568,2.741928337,3.063331749,0.332381771,0.984002919,2.900989428,0.098400292,0.290098943,1.189786966,2.741215368,0.260527972,absolute
22.613000000,88,0.000848866,0.405502932,0.405503821,0.008599165,0.085546184,0.085977295,0.017198331,0.171092367,0.171954589,-0.979542478,0.094149854,-0.296952750,0.051645318,-0.019111236,0.270811036,0.798371371,2.917834121,0.079837137,0.291783412,0.516453180,2.708110359,3.025087239,0.351371489,0.798371371,2.917834121,0.079837137,0.291783412,0.941491665,2.799473292,0.185722116,absolute
22.902000000,89,0.010394382,0.093593530,0.094168955,0.008584587,0.085729568,0.086158307,0.017169173,0.171459135,0.172316614,-0.971894443,0.094390124,-0.296854648,0.025323946,-0.026279469,0.265585451,0.550705487,2.828418586,0.055070549,0.282841859,0.253239456,2.655854514,2.881532272,0.343895913,0.550705487,2.828418586,0.055070549,0.282841859,0.741466641,2.794329629,0.193783061,absolute
23.109000000,90,-0.001361778,0.072200122,0.072212963,0.008561299,0.088885314,0.089296668,0.017122597,0.177770629,0.178593336,-0.860599882,0.097886546,-0.269870273,0.009389105,-0.126370649,0.257669426,0.290860998,3.031565297,0.029086100,0.303156530,0.093891054,2.576694258,3.045486541,0.495686212,0.290860998,3.031565297,0.029086100,0.303156530,0.413474019,2.656156448,0.394925001,absolute
23.310000000,91,-0.003808117,0.104864515,0.104933638,0.008568864,0.092417150,0.092813550,0.017137729,0.184834301,0.185627101,-0.731034964,0.101956948,-0.197791987,-0.003620450,-0.222885848,0.243071217,0.200141199,2.752121351,0.020014120,0.275212135,-0.036204503,2.430712165,2.759389140,0.398952573,0.200141199,2.752121351,0.020014120,0.275212135,0.132487142,2.423862982,0.335157616,absolute
23.600000000,92,-0.004029372,0.603000456,0.603013919,0.008554356,0.097256926,0.097632406,0.017108711,0.194513853,0.195264812,-0.556546311,0.107438671,-0.052731220,-0.010310996,-0.293704940,0.219207194,0.167553806,2.665989541,0.016755381,0.266598954,-0.103109961,2.192071945,2.671249616,0.545762552,0.167553806,2.665989541,0.016755381,0.266598954,-0.001531852,2.015744456,0.671869503,absolute
23.900000000,93,-0.000206721,-0.122241001,0.122241175,0.008563602,0.098393866,0.098765825,0.017127204,0.196787732,0.197531650,-0.515235064,0.108736502,-0.014271074,-0.007413744,-0.297941291,0.192556342,0.098137376,2.267417739,0.009813738,0.226741774,-0.074137440,1.925563417,2.269540515,0.382809338,0.098137376,2.267417739,0.009813738,0.226741774,-0.094341795,1.777385669,0.526478547,absolute
24.103000000,94,-0.000440537,-0.020359107,0.020363873,0.008562764,0.098695214,0.099065969,0.017125528,0.197390429,0.198131939,-0.504500785,0.109073729,-0.004223729,-0.003714166,-0.298695683,0.175053969,0.189911013,2.094663744,0.018991101,0.209466374,-0.037141658,1.750539695,2.103255190,0.412279367,0.189911013,2.094663744,0.018991101,0.209466374,-0.082557217,1.638557577,0.531292548,absolute
24.401000000,95,-0.009391868,1.000000000,1.000000000,0.008489317,0.099819129,0.100179474,0.016978634,0.199638258,0.200358948,-0.464036981,0.110344937,0.033631712,0.002048829,-0.296407745,0.148840345,0.055812020,1.892223653,0.005581202,0.189222365,0.020488293,1.488403446,1.893046575,0.405362215,0.055812020,1.892223653,0.005581202,0.189222365,0.063436240,1.366480811,0.525798122,absolute
24.700000000,96,-0.010866433,0.438499347,0.438633967,0.008469924,0.099304171,0.099664728,0.016939849,0.198608343,0.199329457,-0.482083046,0.109778003,0.016771256,0.007873369,-0.297640850,0.122640497,0.064820886,1.670339083,0.006482089,0.167033908,0.078733694,1.226404970,1.671596363,0.444152073,0.064820886,1.670339083,0.006482089,0.167033908,0.003563562,1.208873174,0.465513958,absolute
25.000000000,97,-0.003958160,-0.318449773,0.318474371,0.008552899,0.098298169,0.098669560,0.017105799,0.196596338,0.197339121,-0.517836198,0.108654785,-0.016719474,0.013330681,-0.298068146,0.098191113,-0.025451713,1.309378699,-0.002545171,0.130937870,0.133306807,0.981911126,1.309626041,0.363922079,-0.025451713,1.309378699,-0.002545171,0.130937870,-0.036730037,1.103542123,0.206145328,absolute
25.202000000,98,0.011123988,-0.464118005,0.464251295,0.008557673,0.098324020,0.098695728,0.017115347,0.196648041,0.197391456,-0.518360818,0.108638303,-0.017185920,0.017574358,-0.297610923,0.078973807,0.029298499,1.110862899,0.002929850,0.111086290,0.175743581,0.789738068,1.111249199,0.352940956,0.029298499,1.110862899,0.002929850,0.111086290,-0.013037255,0.985846450,0.131990260,absolute
25.503000000,99,-0.005044990,-0.383995954,0.384029093,0.008550787,0.097866124,0.098238965,0.017101574,0.195732248,0.196477930,-0.534682179,0.108125553,-0.032414578,0.023305209,-0.296319843,0.052752311,0.123212063,0.864114953,0.012321206,0.086411495,0.233052091,0.527523114,0.872855008,0.354060585,0.123212063,0.864114953,0.012321206,0.086411495,0.007258235,0.814521273,0.126114326,absolute
25.704000000,100,0.005534762,0.016458376,0.017364093,0.008562431,0.098974616,0.099344300,0.017124862,0.197949232,0.198688599,-0.495206584,0.109365715,0.004496232,0.027105014,-0.298552620,0.035269192,0.168015007,0.775857898,0.016801501,0.077585790,0.271050144,0.352691919,0.793841621,0.435529201,0.168015007,0.775857898,0.016801501,0.077585790,0.044052197,0.657158069,0.171628749,absolute
26.000000000,101,0.000066803,0.260820041,0.260820049,0.008491401,0.101445407,0.101800169,0.016982803,0.202890813,0.203600338,-0.405920947,0.112170706,0.086846768,0.035146394,-0.285233625,0.011715454,0.014386439,0.477072129,0.001438644,0.047707213,0.351463939,0.117154539,0.477288996,0.493114503,0.014386439,0.477072129,0.001438644,0.047707213,0.138698761,0.372738370,0.162293213,absolute
26.300000000,102,0.003612958,-0.023892819,0.024164443,0.008493213,0.106425139,0.106763500,0.016986426,0.212850278,0.213527000,-0.226297382,0.117813747,0.225670263,0.056280839,-0.194336926,-0.006999866,0.252166784,0.064987259,0.025216678,0.006498726,0.562808388,-0.069998657,0.260406280,0.338702530,0.252166784,0.064987259,0.025216678,0.006498726,0.376957199,0.082780709,0.126052586,absolute
26.503000000,103,-0.000970950,0.286062532,0.286064180,0.008469756,0.110324336,0.110648975,0.016939512,0.220648671,0.221297951,-0.085903926,0.122224337,0.288180090,0.073511326,-0.079717448,-0.011460698,0.400687215,0.208199803,0.040068722,0.020819980,0.735113264,-0.114606983,0.451550000,0.464806414,0.400687215,0.208199803,0.040068722,0.020819980,0.718850456,-0.024033716,0.393903865,absolute
26.800000000,104,0.004307942,-0.318191877,0.318221037,0.008441454,0.111475860,0.111795015,0.016882908,0.222951720,0.223590031,-0.044307936,0.123531114,0.295679778,0.100274943,-0.041425783,-0.009911646,0.678269684,0.039142459,0.067826968,0.003914246,1.002749431,-0.099116461,0.679398187,0.352707577,0.678269684,0.039142459,0.067826968,0.003914246,0.890232429,-0.021071836,0.220349646,absolute
27.001000000,105,0.001289963,0.347798568,0.347800960,0.008458362,0.112493668,0.112811210,0.016916724,0.224987336,0.225622421,-0.006996803,0.124703278,0.298319397,0.118023532,-0.006558446,-0.007662715,0.815179991,-0.055176617,0.081517999,-0.005517662,1.180235316,-0.076627151,0.817045211,0.365684996,0.815179991,-0.055176617,0.081517999,-0.005517662,1.122196221,-0.021571324,0.308849934,absolute
27.303000000,106,-0.012178439,-0.306864674,0.307106240,0.008400118,0.111305408,0.111621933,0.016800235,0.222610816,0.223243865,-0.050951792,0.123322391,0.293867806,0.144654389,-0.047445267,-0.004333012,1.217043467,0.054213546,0.121704347,0.005421355,1.446543888,-0.043330115,1.218250347,0.249369624,1.217043467,0.054213546,0.121704347,0.005421355,1.106129541,-0.028407677,0.138304611,absolute
27.600000000,107,-0.004816089,0.473054044,0.473078560,0.008379584,0.112133222,0.112445884,0.016759168,0.224266444,0.224891768,-0.020930714,0.124265531,0.297987243,0.171290459,-0.019622672,-0.001031936,1.369928275,-0.003165773,0.136992827,-0.000316577,1.712904588,-0.010319361,1.369931933,0.343050908,1.369928275,-0.003165773,0.136992827,-0.000316577,1.397165644,-0.015836967,0.030040530,absolute
27.801000000,108,0.000011459,-0.266241669,0.266241669,0.008330041,0.111514369,0.111825060,0.016660083,0.223028738,0.223650120,-0.042633644,0.123583713,0.295138882,0.189042178,-0.039768266,0.001189938,1.650836456,0.046368859,0.165083646,0.004636886,1.890421783,0.011899379,1.651487534,0.242052214,1.650836456,0.046368859,0.165083646,0.004636886,1.380055570,-0.000538232,0.274813688,absolute
28.003000000,109,0.002103587,0.664474340,0.664477670,0.008273421,0.112537096,0.112840806,0.016546842,0.225074193,0.225681612,-0.006992935,0.124703399,0.297978550,0.206799978,-0.006547331,0.003399060,1.690558013,-0.019310445,0.169055801,-0.001931045,2.067999776,0.033990601,1.690668296,0.381186682,1.690558013,-0.019310445,0.169055801,-0.001931045,1.653648424,0.008251916,0.046065187,absolute
28.306000000,110,0.000227662,-0.011486847,0.011489103,0.008265777,0.112352912,0.112656558,0.016531553,0.224705825,0.225313115,-0.013541814,0.124497660,0.297999468,0.233432533,-0.012685404,0.006729487,2.035814723,-0.059470394,0.203581472,-0.005947039,2.334325334,0.067294870,2.036683165,0.324311604,2.035814723,-0.059470394,0.203581472,-0.005947039,1.702064272,0.030335045,0.345621731,absolute
28.600000000,111,-0.000122774,0.154933454,0.154933502,0.008244839,0.111897933,0.112201270,0.016489678,0.223795867,0.224402539,-0.027655769,0.124054257,0.297492884,0.260068240,-0.025912356,0.010036770,2.205124574,-0.118601369,0.220512457,-0.011860137,2.600682396,0.100367700,2.208311724,0.452121050,2.205124574,-0.118601369,0.220512457,-0.011860137,1.846543700,0.042420888,0.393075578,absolute
28.900000000,112,0.005961361,0.234399916,0.234475710,0.008294141,0.111313844,0.111622420,0.016588283,0.222627688,0.223244840,-0.049040726,0.123382429,0.294661677,0.286665886,-0.045759973,0.013597506,2.557277898,-0.035733846,0.255727790,-0.003573385,2.866658862,0.135975058,2.557527548,0.353836866,2.557277898,-0.035733846,0.255727790,-0.003573385,1.978395327,0.068571967,0.588204670,absolute
29.100000000,113,0.000956578,0.972046211,0.972046682,0.008310672,0.116354284,0.116650704,0.016621344,0.232708568,0.233301407,0.130673555,0.129028320,0.273715368,0.303078800,0.119135501,0.020481825,2.659393679,-0.065364446,0.265939368,-0.006536445,3.030787998,0.204818252,2.660196845,0.459273808,2.659393679,-0.065364446,0.265939368,-0.006536445,2.536849079,0.189462377,0.282761186,absolute
29.402000000,114,0.002339342,0.532106825,0.532111967,0.008307500,0.120253201,0.120539815,0.016614999,0.240506403,0.241079630,0.271553395,0.133454190,0.195644446,0.320597972,0.224110398,0.040375348,3.034291752,-0.147256339,0.303429175,-0.014725634,3.205979723,0.403753484,3.037862878,0.577138271,3.034291752,-0.147256339,0.303429175,-0.014725634,2.861771590,0.417193439,0.590226023,absolute
29.701000000,115,-0.007231133,0.023401062,0.024492835,0.008270910,0.123631758,0.123908109,0.016541819,0.247263516,0.247816218,0.392506803,0.137254054,0.098603100,0.325344857,0.280799714,0.066459241,3.168386758,0.369272408,0.316838676,0.036927241,3.253448568,0.664592406,3.189833343,0.307326232,3.168386758,0.369272408,0.316838676,0.036927241,3.001230904,0.669250395,0.343406279,absolute
30.000000000,116,-0.006197349,0.075212458,0.075467350,0.008296629,0.126346017,0.126618127,0.016593258,0.252692034,0.253236253,0.491446753,0.140362344,0.008023978,0.321014666,0.298541226,0.092897673,3.061323574,0.549127910,0.306132357,0.054912791,3.210146664,0.928976727,3.110183834,0.407962542,3.061323574,0.549127910,0.306132357,0.054912791,3.083380999,0.929621420,0.381132315,absolute
30.222000000,117,-0.002293380,-0.501157873,0.501163121,0.008305298,0.126138008,0.126411135,0.016610596,0.252276016,0.252822269,0.483851984,0.140123747,0.015109981,0.316051029,0.297592569,0.111940110,3.097396705,0.803727414,0.309739670,0.080372741,3.160510292,1.119401100,3.199975641,0.321921109,3.097396705,0.803727414,0.309739670,0.080372741,3.062023035,1.028736865,0.227773022,absolute
30.505000000,118,0.006820846,1.000000000,1.000000000,0.008208347,0.126613508,0.126879302,0.016416695,0.253227015,0.253758604,0.501275567,0.140671125,-0.001195278,0.309674868,0.298272592,0.136165972,3.052185905,0.998008608,0.305218590,0.099800861,3.096748683,1.361659721,3.211208492,0.366371360,3.052185905,0.998008608,0.305218590,0.099800861,3.181747740,1.209670388,0.248167238,absolute
30.800000000,119,-0.008110257,0.363154218,0.363244769,0.008139963,0.126917776,0.127178539,0.016279925,0.253835552,0.254357079,0.512964407,0.141038341,-0.012120432,0.302083649,0.297423539,0.161891337,3.042836397,1.166597493,0.304283640,0.116659749,3.020836491,1.618913366,3.258803929,0.452850577,3.042836397,1.166597493,0.304283640,0.116659749,3.081783557,1.370554804,0.207642640,absolute
31.102000000,120,-0.001475912,-0.162715921,0.162722615,0.008158428,0.127148666,0.127410138,0.016316856,0.254297332,0.254820276,0.518895762,0.141224680,-0.017663126,0.293429090,0.297195828,0.187298039,2.963991718,1.446017323,0.296399172,0.144601732,2.934290896,1.872980386,3.297910399,0.427994855,2.963991718,1.446017323,0.296399172,0.144601732,3.019698579,1.553533958,0.121091211,absolute
31.400000000,121,-0.000681984,0.335818736,0.335819428,0.008139155,0.127161060,0.127421274,0.016278310,0.254322120,0.254842548,0.518045344,0.141197963,-0.016948256,0.284755291,0.298637519,0.212702779,3.116049272,1.857771983,0.311604927,0.185777198,2.847552908,2.127027788,3.627820256,0.380248585,3.116049272,1.857771983,0.311604927,0.185777198,3.033982590,1.733583173,0.148854966,absolute
31.603000000,122,0.009673832,0.297699192,0.297856328,0.008194005,0.127193539,0.127457201,0.016388010,0.254387079,0.254914403,0.518485284,0.141211784,-0.017312489,0.278972878,0.297779571,0.229629979,2.984043095,2.029545447,0.298404309,0.202954545,2.789728780,2.296299795,3.608818077,0.330024143,2.984043095,2.029545447,0.298404309,0.202954545,3.018851093,1.868598948,0.164667460,absolute
31.900000000,123,0.001848117,0.027681781,0.027743406,0.008187456,0.126671135,0.126935459,0.016374913,0.253342270,0.253870919,0.502121682,0.140697707,-0.001987188,0.270313525,0.298127621,0.255033650,2.922174740,2.303576934,0.292217474,0.230357693,2.703135246,2.550336501,3.720963841,0.329952396,2.922174740,2.303576934,0.292217474,0.230357693,2.943353974,2.018366868,0.285995352,absolute
32.100000000,124,-0.006091437,0.098022136,0.098211225,0.008202304,0.126747708,0.127012831,0.016404609,0.253495416,0.254025663,0.506404829,0.140832266,-0.006014338,0.264555182,0.298862741,0.271975813,2.988218466,2.420270675,0.298821847,0.242027068,2.645551818,2.719758132,3.845407617,0.455096878,2.988218466,2.420270675,0.298821847,0.242027068,2.924418809,2.141853156,0.285633876,absolute
32.306000000,125,-0.007909638,-0.627609684,0.627659523,0.008206449,0.128961568,0.129222412,0.016412899,0.257923136,0.258444825,0.587047534,0.143365731,-0.080576622,0.255585763,0.287265544,0.287344267,2.911968081,2.529816270,0.291196808,0.252981627,2.555857626,2.873442673,3.857399184,0.494867418,2.911968081,2.529816270,0.291196808,0.252981627,2.838921153,2.356199133,0.188358074,absolute
32.600000000,126,0.001991146,0.258988311,0.258995965,0.008296278,0.134412646,0.134668436,0.016592556,0.268825293,0.269336873,0.782730473,0.149513292,-0.231617446,0.233515338,0.188287554,0.302026760,2.817949582,2.841587909,0.281794958,0.284158791,2.335153381,3.020267598,4.001932245,0.514799576,2.817949582,2.841587909,0.281794958,0.284158791,2.569402578,2.721406999,0.276078004,absolute
32.801000000,127,0.007934968,-0.112719155,0.112998104,0.008300732,0.138295008,0.138543897,0.016601465,0.276590016,0.277087794,0.922848829,0.153915240,-0.289940597,0.215872388,0.071684365,0.304367957,2.609258198,2.881432694,0.260925820,0.288143269,2.158723880,3.043679570,3.887271886,0.478858247,2.609258198,2.881432694,0.260925820,0.288143269,2.191939151,2.828750782,0.420631158,absolute
33.100000000,128,0.005058726,-0.008656283,0.010026064,0.008288942,0.137843180,0.138092175,0.016577885,0.275686360,0.276184350,0.907539853,0.153434294,-0.286168749,0.189045761,0.085543571,0.303536998,2.499957319,2.983366563,0.249995732,0.298336656,1.890457611,3.035369980,3.892333830,0.611714189,2.499957319,2.983366563,0.249995732,0.298336656,2.063630974,2.849419854,0.456423488,absolute
33.309000000,129,-0.003267278,0.276582022,0.276601319,0.008227435,0.140535101,0.140775727,0.016454870,0.281070203,0.281551455,-0.997150147,0.156428546,-0.297975213,0.169804632,-0.002667867,0.299804454,2.220206019,2.998712442,0.222020602,0.299871244,1.698046315,2.998044544,3.731164842,0.522160131,2.220206019,2.998712442,0.222020602,0.299871244,1.593678019,2.930738069,0.630204610,absolute
33.600000000,130,0.006322143,-0.577925291,0.577959871,0.008191384,0.140348121,0.140586962,0.016382767,0.280696243,0.281173924,0.994365060,0.156161989,-0.298701730,0.145761911,0.005288375,0.292777005,2.069487103,3.045089848,0.206948710,0.304508985,1.457619106,2.927770054,3.681758962,0.623013949,2.069487103,3.045089848,0.206948710,0.304508985,1.622802321,2.817014046,0.501543483,absolute
33.802000000,131,-0.001248333,0.081882252,0.081891767,0.008179367,0.140223073,0.140461427,0.016358734,0.280446147,0.280922853,0.989570057,0.156011349,-0.298112946,0.128589642,0.009771655,0.287748485,1.913802110,2.906889887,0.191380211,0.290688989,1.285896419,2.877484846,3.480322877,0.628593839,1.913802110,2.906889887,0.191380211,0.290688989,1.530827032,2.797591588,0.398266279,absolute
34.004000000,132,-0.000044749,0.067476380,0.067476395,0.008154787,0.139972796,0.140210143,0.016309574,0.279945592,0.280420286,0.981735051,0.155765205,-0.297162975,0.111426856,0.017070257,0.282695812,1.533322640,2.954322684,0.153332264,0.295432268,1.114268565,2.826958123,3.328528329,0.437981790,1.533322640,2.954322684,0.153332264,0.295432268,1.440198704,2.783642876,0.194431644,absolute
34.300000000,133,0.002025760,-0.308801057,0.308807702,0.008178969,0.139791746,0.140030810,0.016357938,0.279583492,0.280061620,0.975202353,0.155559974,-0.297756102,0.085672882,0.023243464,0.275134467,1.388544559,2.981884378,0.138854456,0.298188438,0.856728824,2.751344666,3.289329785,0.579634829,1.388544559,2.981884378,0.138854456,0.298188438,1.293124184,2.762625585,0.239122283,absolute
34.501000000,134,-0.007542418,0.022547349,0.023775429,0.008155337,0.140016337,0.140253642,0.016310673,0.280032673,0.280507284,0.985005688,0.155867955,-0.297858725,0.068521266,0.014041326,0.270042720,1.166459357,2.919491682,0.116645936,0.291949168,0.685212664,2.700427198,3.143892351,0.528760463,1.166459357,2.919491682,0.116645936,0.291949168,1.157946164,2.733199449,0.186486650,absolute
34.800000000,135,0.003093380,0.039852668,0.039972543,0.008072694,0.139751991,0.139984954,0.016145387,0.279503981,0.279969907,0.975718168,0.155576179,-0.298381117,0.042804339,0.022805848,0.262348424,0.804414167,2.791606095,0.080441417,0.279160610,0.428043387,2.623484236,2.905193065,0.412213444,0.804414167,2.791606095,0.080441417,0.279160610,1.025904110,2.713710423,0.234788268,absolute
35.000000000,136,-0.001560291,0.064053495,0.064072496,0.008090989,0.140038230,0.140271772,0.016181979,0.280076460,0.280543544,0.986680277,0.155920564,-0.296755437,0.023953499,0.012425027,0.256708121,0.636881249,2.780184420,0.063688125,0.278018442,0.239534989,2.567081215,2.852199701,0.450884716,0.636881249,2.780184420,0.063688125,0.278018442,0.892047462,2.684756122,0.272426791,absolute
35.201000000,137,0.000020987,0.341322115,0.341322116,0.008096986,0.140436179,0.140669405,0.016193971,0.280872359,0.281338811,-0.999143872,0.156365911,-0.297518197,0.008520948,-0.000800209,0.252100380,0.545212965,2.879310658,0.054521296,0.287931066,0.085209484,2.521003798,2.930475566,0.583084049,0.545212965,2.879310658,0.054521296,0.287931066,0.676544567,2.768965001,0.171534702,absolute
35.413000000,138,0.000105705,0.064047212,0.064047299,0.008075948,0.141702739,0.141932685,0.016151897,0.283405478,0.283865371,-0.954844193,0.157757627,-0.294786126,-0.009651858,-0.042101504,0.244763810,0.307811481,3.040868831,0.030781148,0.304086883,-0.096518576,2.447638099,3.056408212,0.717917472,0.307811481,3.040868831,0.030781148,0.304086883,0.456622128,2.715728825,0.357576051,absolute
35.703000000,139,0.003176089,-0.298942476,0.298959347,0.008046307,0.146536633,0.146757377,0.016092613,0.293073265,0.293514754,-0.783060939,0.163154357,-0.232182580,-0.026634250,-0.188346956,0.226695871,0.011205206,2.815437316,0.001120521,0.281543732,-0.266342495,2.266958712,2.815459614,0.614704405,0.011205206,2.815437316,0.001120521,0.281543732,0.092364458,2.471043421,0.353827612,absolute
36.000000000,140,0.005514382,-0.086357318,0.086533200,0.008089217,0.150502401,0.150719634,0.016178435,0.301004801,0.301439268,-0.637829469,0.167716938,-0.125296253,-0.032779019,-0.271050328,0.200907009,-0.115711012,2.640394352,-0.011571101,0.264039435,-0.327790190,2.009070094,2.642928560,0.665993917,-0.115711012,2.640394352,-0.011571101,0.264039435,-0.091587285,2.127003020,0.513957794,absolute
36.202000000,141,0.013823323,0.441060239,0.441276805,0.008117866,0.154052820,0.154266558,0.016235733,0.308105639,0.308533117,-0.512249679,0.171662144,-0.011485719,-0.028942869,-0.298310915,0.183528908,-0.095214558,2.456441828,-0.009521456,0.245644183,-0.289428687,1.835289082,2.458286450,0.650807085,-0.095214558,2.456441828,-0.009521456,0.245644183,-0.059346422,1.832003690,0.625467435,absolute
36.410000000,142,-0.005544701,0.364497010,0.364539180,0.008117200,0.155262413,0.155474454,0.016234401,0.310524826,0.310948907,-0.469474938,0.173005952,0.028571972,-0.021208381,-0.297029530,0.167396991,-0.273073164,2.255401900,-0.027307316,0.225540190,-0.212083809,1.673969909,2.271872946,0.584621981,-0.273073164,2.255401900,-0.027307316,0.225540190,-0.038580728,1.628036778,0.669756447,absolute
36.700000000,143,-0.007923569,0.034308044,0.035211147,0.008135199,0.154140495,0.154355025,0.016270397,0.308280991,0.308710050,-0.509287212,0.171755212,-0.008706068,-0.010630515,-0.298307068,0.142744201,-0.120401581,1.939343234,-0.012040158,0.193934323,-0.106305153,1.427442012,1.943077126,0.512095275,-0.120401581,1.939343234,-0.012040158,0.193934323,-0.037150935,1.506015345,0.441252455,absolute
37.000000000,144,-0.005300453,-0.306136070,0.306181952,0.008148395,0.153918471,0.154134007,0.016296789,0.307836942,0.308268014,-0.517417341,0.171499797,-0.016279025,-0.000734177,-0.297209655,0.117798470,-0.033197798,1.719258764,-0.003319780,0.171925876,-0.007341765,1.177984703,1.719579249,0.541891266,-0.033197798,1.719258764,-0.003319780,0.171925876,0.018796247,1.334639199,0.388118011,absolute
37.200000000,145,-0.008842304,0.935331339,0.935373135,0.008105265,0.155181094,0.155392623,0.016210531,0.310362188,0.310785246,-0.471750416,0.172934465,0.026426183,0.005847044,-0.296982047,0.101161232,0.032978943,1.607718626,0.003297894,0.160771863,0.058470440,1.011612322,1.608056837,0.596651107,0.032978943,1.607718626,0.003297894,0.160771863,0.152680636,1.154827952,0.468442588,absolute
37.501000000,146,-0.010460175,-0.333928547,0.334092337,0.008051696,0.153618219,0.153829084,0.016103391,0.307236438,0.307658168,-0.526716817,0.171207645,-0.025016448,0.015717651,-0.297351081,0.076198750,-0.047687247,1.349793425,-0.004768725,0.134979343,0.157176510,0.761987496,1.350635541,0.622482907,-0.047687247,1.349793425,-0.004768725,0.134979343,0.089660034,1.038222218,0.340500944,absolute
37.800000000,147,-0.003827267,-0.187689896,0.187728913,0.007992853,0.154493151,0.154699772,0.015985706,0.308986302,0.309399543,-0.495863408,0.172176934,0.003876639,0.025482008,-0.298289798,0.051198383,-0.085611056,1.063408327,-0.008561106,0.106340833,0.254820075,0.511983829,1.066848876,0.648045008,-0.085611056,1.063408327,-0.008561106,0.106340833,0.132849756,0.821034749,0.326297529,absolute
38.000000000,148,-0.006889578,-0.004883531,0.008444830,0.007958323,0.154248329,0.154453495,0.015916645,0.308496659,0.308906989,-0.503750291,0.171929160,-0.003507800,0.031975424,-0.297714434,0.034530180,0.061315736,0.839467762,0.006131574,0.083946776,0.319754243,0.345301803,0.841704071,0.557665183,0.061315736,0.839467762,0.006131574,0.083946776,0.155058728,0.716526590,0.154603623,absolute
38.200000000,149,0.009894931,-0.235332222,0.235540154,0.007922310,0.154372403,0.154575554,0.015844620,0.308744806,0.309151107,-0.501723629,0.171992829,-0.001612291,0.038460358,-0.297745698,0.017851578,-0.017434591,0.650127482,-0.001743459,0.065012748,0.384603576,0.178515780,0.650361213,0.619719521,-0.017434591,0.650127482,-0.001743459,0.065012748,0.201229246,0.616877824,0.221177335,absolute
38.501000000,150,-0.001015498,0.496944699,0.496945737,0.007967313,0.157797967,0.157998977,0.015934626,0.315595935,0.315997953,-0.378831287,0.175853606,0.110580742,0.050111403,-0.276326546,-0.004132383,-0.144051073,0.564334620,-0.014405107,0.056433462,0.501114030,-0.041323828,0.582429631,0.884906868,-0.144051073,0.564334620,-0.014405107,0.056433462,0.357621540,0.312870560,0.561168053,absolute
38.804000000,151,-0.000751324,1.000000000,1.000000000,0.007896118,0.163010532,0.163201661,0.015792237,0.326021063,0.326403322,-0.192053834,0.181721393,0.245555848,0.073913347,-0.169205982,-0.019311917,0.275500516,0.177279388,0.027550052,0.017727939,0.739133473,-0.193119173,0.327610311,0.593422794,0.275500516,0.177279388,0.027550052,0.017727939,0.723779255,0.035660172,0.470116826,absolute
39.100000000,152,0.000808536,0.198426214,0.198427861,0.007849760,0.163290902,0.163479471,0.015699520,0.326581804,0.326958941,-0.180406921,0.182087291,0.251638257,0.100377691,-0.160146107,-0.023720306,0.406936472,0.119093216,0.040693647,0.011909322,1.003776907,-0.237203057,0.424005291,0.695101099,0.406936472,0.119093216,0.040693647,0.011909322,0.770977204,-0.006759565,0.385181226,absolute
39.302000000,153,0.002270343,0.680276784,0.680280573,0.007849569,0.166842990,0.167027540,0.015699138,0.333685981,0.334055080,-0.053070154,0.186087694,0.293794129,0.118176209,-0.049441734,-0.024056542,0.790391532,0.075436438,0.079039153,0.007543644,1.181762095,-0.240565421,0.793983269,0.503018978,0.790391532,0.075436438,0.079039153,0.007543644,1.129802213,-0.057330871,0.364454068,absolute
39.601000000,154,-0.000758252,-0.042580472,0.042587223,0.007922432,0.166464420,0.166652837,0.015844863,0.332928841,0.333305675,-0.066576094,0.185663392,0.290675201,0.144243455,-0.061698480,-0.017814818,0.884266122,-0.071461615,0.088426612,-0.007146162,1.442434553,-0.178148177,0.887148993,0.568272840,0.884266122,-0.071461615,0.088426612,-0.007146162,1.168095435,-0.027790725,0.287169333,absolute
39.801000000,155,0.000524082,0.213089929,0.213090573,0.007944807,0.166781229,0.166970351,0.015889614,0.333562458,0.333940703,-0.056592407,0.185977039,0.294119496,0.161429819,-0.052849615,-0.012815934,1.038014725,-0.080207614,0.103801472,-0.008020761,1.614298190,-0.128159344,1.041108943,0.578275021,1.038014725,-0.080207614,0.103801472,-0.008020761,1.309196922,-0.010566020,0.279981670,absolute
40.100000000,156,-0.006235450,-0.426807627,0.426853173,0.007942510,0.167240701,0.167429196,0.015885021,0.334481402,0.334858392,-0.041365018,0.186455422,0.295238312,0.187117220,-0.038584263,-0.005077048,1.447079442,-0.038986789,0.144707944,-0.003898679,1.871172196,-0.050770477,1.447604532,0.424256431,1.447079442,-0.038986789,0.144707944,-0.003898679,1.467825111,0.021073035,0.063541838,absolute
40.402000000,157,0.007903945,0.058526579,0.059057876,0.007863472,0.167698763,0.167883022,0.015726944,0.335397525,0.335766045,-0.025747496,0.186946060,0.297486754,0.212322800,-0.024115770,0.004145240,1.722056968,-0.035238851,0.172205697,-0.003523885,2.123228003,0.041452397,1.722417481,0.408435732,1.722056968,-0.035238851,0.172205697,-0.003523885,1.640971132,0.061656316,0.126347086,absolute
40.700000000,158,-0.004202649,-0.076927260,0.077041973,0.007896621,0.167500296,0.167686331,0.015793243,0.335000592,0.335372663,-0.032763212,0.186725655,0.297082659,0.237538994,-0.030686767,0.013335440,1.897245736,-0.067240783,0.189724574,-0.006724078,2.375389938,0.133354396,1.898436911,0.518517409,1.897245736,-0.067240783,0.189724574,-0.006724078,1.763342865,0.093389949,0.209122478,absolute
41.003000000,159,-0.001321182,-0.470562603,0.470564458,0.007877892,0.166806558,0.166992481,0.015755783,0.333613115,0.333984963,-0.058632904,0.185912935,0.292229129,0.262749546,-0.054445990,0.022535570,2.024606354,-0.014210523,0.202460635,-0.001421052,2.627495460,0.225355701,2.024656224,0.648742823,2.024606354,-0.014210523,0.202460635,-0.001421052,1.877809631,0.139818686,0.212777525,absolute
41.214000000,160,-0.002203675,0.057077323,0.057119848,0.007865158,0.167670858,0.167855228,0.015730317,0.335341717,0.335710455,-0.025954847,0.186939546,0.296988517,0.281258116,-0.024270124,0.029240691,2.359641565,-0.120297440,0.235964157,-0.012029744,2.812581159,0.292406907,2.362706032,0.612763539,2.359641565,-0.120297440,0.235964157,-0.012029744,2.038820740,0.164040862,0.428689016,absolute
41.507000000,161,0.012747801,0.006600803,0.014355384,0.007893383,0.168289711,0.168474723,0.015786765,0.336579423,0.336949447,-0.005883859,0.187570095,0.297867230,0.304744205,-0.005506610,0.037933809,2.712398233,0.006018613,0.271239823,0.000601861,3.047442046,0.379338085,2.712404911,0.501619163,2.712398233,0.006018613,0.271239823,0.000601861,2.232588228,0.224144360,0.527064022,absolute
41.800000000,162,-0.007014064,0.276140429,0.276229495,0.007912510,0.172896736,0.173077696,0.015825020,0.345793471,0.346155393,0.159572166,0.192768049,0.261468731,0.324894642,0.143286340,0.055166893,2.717100393,0.052081744,0.271710039,0.005208174,3.248946419,0.551668928,2.717599502,0.729690037,2.717100393,0.052081744,0.271710039,0.005208174,2.710468900,0.373162648,0.321149379,absolute
42.008000000,163,-0.003826741,-0.047742655,0.047895773,0.007923845,0.176001445,0.176179727,0.015847691,0.352002891,0.352359453,0.271803381,0.196293897,0.196057325,0.332020932,0.224939686,0.071474963,2.921249118,0.223054055,0.292124912,0.022305405,3.320209321,0.714749627,2.929752467,0.633193320,2.921249118,0.223054055,0.292124912,0.022305405,2.947709970,0.554316558,0.332317653,absolute
42.300000000,164,-0.006007998,-0.084355750,0.084569431,0.007939212,0.180208992,0.180383791,0.015878425,0.360417984,0.360767581,0.420035602,0.200950750,0.074162922,0.331021675,0.288979691,0.097969617,3.118764350,0.335589186,0.311876435,0.033558919,3.310216745,0.979696174,3.136767631,0.671958206,3.118764350,0.335589186,0.311876435,0.033558919,3.147154249,0.847342477,0.512540161,absolute
42.500000000,165,-0.006484802,-0.234073561,0.234163372,0.007984645,0.181623562,0.181798990,0.015969290,0.363247124,0.363597980,0.469777914,0.202513450,0.028303780,0.323845053,0.297209289,0.114352618,3.089566531,0.548851220,0.308956653,0.054885122,3.238450530,1.143526177,3.137938656,0.613029159,3.089566531,0.548851220,0.308956653,0.054885122,3.167243430,1.002832128,0.460578295,absolute
42.702000000,166,-0.004960189,0.014250902,0.015089456,0.008007152,0.181701828,0.181878170,0.016014304,0.363403655,0.363756340,0.470489702,0.202535812,0.027655923,0.317085159,0.297452715,0.128965563,3.025803273,0.788100952,0.302580327,0.078810095,3.170851588,1.289655633,3.126753677,0.522107375,3.025803273,0.788100952,0.302580327,0.078810095,3.145580966,1.097689355,0.331951315,absolute
42.905000000,167,-0.008363324,0.476693797,0.476767156,0.007987486,0.182498673,0.182673385,0.015974972,0.364997346,0.365346770,0.498113683,0.203403645,0.001764407,0.314091653,0.297734497,0.135460423,2.956746779,0.957605641,0.295674678,0.095760564,3.140916534,1.354604228,3.107951106,0.437637266,2.956746779,0.957605641,0.295674678,0.095760564,3.178157195,1.175275934,0.310488211,absolute
43.200000000,168,0.004401540,0.350945487,0.350973087,0.008001420,0.182246598,0.182422162,0.016002839,0.364493196,0.364844324,0.483601194,0.202947722,0.015338485,0.298664027,0.297465014,0.171651833,3.046937491,1.241806852,0.304693749,0.124180685,2.986640268,1.716518331,3.290275418,0.478525593,3.046937491,1.241806852,0.304693749,0.124180685,3.127947167,1.407160459,0.184131429,absolute
43.501000000,169,-0.000065639,0.140321532,0.140321548,0.008039525,0.182074343,0.182251750,0.016079050,0.364148685,0.364503499,0.473736809,0.202637823,0.024493964,0.289217354,0.296192900,0.196771689,3.097939967,1.488142598,0.309793997,0.148814260,2.892173535,1.967716894,3.436829997,0.521853744,3.097939967,1.488142598,0.309793997,0.148814260,3.072118798,1.561065851,0.077359767,absolute
43.706000000,170,0.002547029,-0.288642989,0.288654226,0.008041160,0.180918810,0.181097421,0.016082320,0.361837619,0.362194842,0.433855630,0.201384919,0.061503933,0.282925395,0.291706019,0.213523453,2.968829631,1.642260710,0.296882963,0.164226071,2.829253948,2.135234535,3.392781988,0.512351991,2.968829631,1.642260710,0.296882963,0.164226071,3.036564765,1.621672035,0.070795070,absolute
44.000000000,171,0.005798251,0.036032251,0.036495792,0.008085074,0.182185385,0.182364698,0.016170149,0.364370770,0.364729396,0.477996553,0.202771646,0.020625974,0.273492803,0.297907443,0.238651052,2.985769073,1.847853926,0.298576907,0.184785393,2.734928031,2.386510520,3.511321843,0.594198751,2.985769073,1.847853926,0.298576907,0.184785393,3.012995589,1.873956891,0.037718006,absolute
44.200000000,172,0.010244835,0.097901183,0.098435757,0.008120729,0.181527319,0.181708871,0.016241459,0.363054638,0.363417741,0.456873843,0.202108057,0.040225084,0.267209603,0.295078500,0.255405589,2.785705817,2.085082497,0.278570582,0.208508250,2.672096025,2.554055892,3.479615772,0.482538319,2.785705817,2.085082497,0.278570582,0.208508250,2.988642679,1.976528983,0.230146117,absolute
44.500000000,173,-0.002417745,-0.313315950,0.313325278,0.008136170,0.181818854,0.182000805,0.016272339,0.363637708,0.364001609,0.466880224,0.202422417,0.030917025,0.257828239,0.296066468,0.280548820,3.130302467,2.245400269,0.313030247,0.224540027,2.578282387,2.805488202,3.852351997,0.786399810,3.130302467,2.245400269,0.313030247,0.224540027,2.944841702,2.163418983,0.202772352,absolute
44.700000000,174,-0.002088720,0.357017714,0.357023824,0.008148551,0.183092154,0.183273391,0.016297102,0.366184308,0.366546782,0.514049622,0.203904287,-0.013158948,0.250999747,0.297937057,0.297066087,2.933558089,2.453670392,0.293355809,0.245367039,2.509997465,2.970660873,3.824429559,0.668343295,2.933558089,2.453670392,0.293355809,0.245367039,2.936561020,2.375978326,0.077750078,absolute
45.000000000,175,0.003728172,-0.004526158,0.005863904,0.008097984,0.187594262,0.187768965,0.016195968,0.375188523,0.375537931,0.677589080,0.209042031,-0.157655876,0.232220313,0.252635277,0.315783738,2.702322171,2.777607023,0.270232217,0.277760702,2.322203134,3.157837383,3.875260751,0.537648220,2.702322171,2.777607023,0.270232217,0.277760702,2.717615618,2.749291795,0.032181386,absolute
